
-- MySQL dump 10.13  Distrib 5.7.9, for Win64 (x86_64)
--
-- Host: localhost    Database: activiti
-- ------------------------------------------------------
-- Server version	5.22.0-log

/*
Navicat MySQL Data Transfer

Source Server         : 172.16.107.196
Source Server Version : 50505
Source Host           : 172.16.107.196:3306
Source Database       : activiti_5_22_0

Target Server Type    : MYSQL
Target Server Version : 50505
File Encoding         : 65001

Date: 2017-08-15 09:24:27
*/

SET FOREIGN_KEY_CHECKS=0;

-- ----------------------------
-- Table structure for ACT_EVT_LOG
-- ----------------------------
DROP TABLE IF EXISTS `ACT_EVT_LOG`;
CREATE TABLE `ACT_EVT_LOG` (
  `LOG_NR_` bigint(20) NOT NULL AUTO_INCREMENT,
  `TYPE_` varchar(64) COLLATE utf8_bin DEFAULT NULL,
  `PROC_DEF_ID_` varchar(64) COLLATE utf8_bin DEFAULT NULL,
  `PROC_INST_ID_` varchar(64) COLLATE utf8_bin DEFAULT NULL,
  `EXECUTION_ID_` varchar(64) COLLATE utf8_bin DEFAULT NULL,
  `TASK_ID_` varchar(64) COLLATE utf8_bin DEFAULT NULL,
  `TIME_STAMP_` timestamp NOT NULL DEFAULT current_timestamp() ON UPDATE current_timestamp(),
  `USER_ID_` varchar(255) COLLATE utf8_bin DEFAULT NULL,
  `DATA_` longblob DEFAULT NULL,
  `LOCK_OWNER_` varchar(255) COLLATE utf8_bin DEFAULT NULL,
  `LOCK_TIME_` timestamp NULL DEFAULT NULL,
  `IS_PROCESSED_` tinyint(4) DEFAULT 0,
  PRIMARY KEY (`LOG_NR_`)
) ENGINE=InnoDB DEFAULT CHARSET=utf8 COLLATE=utf8_bin;

-- ----------------------------
-- Records of ACT_EVT_LOG
-- ----------------------------

-- ----------------------------
-- Table structure for ACT_GE_BYTEARRAY
-- ----------------------------
DROP TABLE IF EXISTS `ACT_GE_BYTEARRAY`;
CREATE TABLE `ACT_GE_BYTEARRAY` (
  `ID_` varchar(64) COLLATE utf8_bin NOT NULL,
  `REV_` int(11) DEFAULT NULL,
  `NAME_` varchar(255) COLLATE utf8_bin DEFAULT NULL,
  `DEPLOYMENT_ID_` varchar(64) COLLATE utf8_bin DEFAULT NULL,
  `BYTES_` longblob DEFAULT NULL,
  `GENERATED_` tinyint(4) DEFAULT NULL,
  PRIMARY KEY (`ID_`),
  KEY `ACT_FK_BYTEARR_DEPL` (`DEPLOYMENT_ID_`),
  CONSTRAINT `ACT_FK_BYTEARR_DEPL` FOREIGN KEY (`DEPLOYMENT_ID_`) REFERENCES `ACT_RE_DEPLOYMENT` (`ID_`)
) ENGINE=InnoDB DEFAULT CHARSET=utf8 COLLATE=utf8_bin;

-- ----------------------------
-- Records of ACT_GE_BYTEARRAY
-- ----------------------------

-- ----------------------------
-- Table structure for ACT_GE_PROPERTY
-- ----------------------------
DROP TABLE IF EXISTS `ACT_GE_PROPERTY`;
CREATE TABLE `ACT_GE_PROPERTY` (
  `NAME_` varchar(64) COLLATE utf8_bin NOT NULL,
  `VALUE_` varchar(300) COLLATE utf8_bin DEFAULT NULL,
  `REV_` int(11) DEFAULT NULL,
  PRIMARY KEY (`NAME_`)
) ENGINE=InnoDB DEFAULT CHARSET=utf8 COLLATE=utf8_bin;

-- ----------------------------
-- Records of ACT_GE_PROPERTY
-- ----------------------------
INSERT INTO `ACT_GE_PROPERTY` VALUES ('next.dbid', '1', '1');
INSERT INTO `ACT_GE_PROPERTY` VALUES ('schema.history', 'create(5.22.0.0)', '1');
INSERT INTO `ACT_GE_PROPERTY` VALUES ('schema.version', '5.22.0.0', '1');

-- ----------------------------
-- Table structure for ACT_HI_ACTINST
-- ----------------------------
DROP TABLE IF EXISTS `ACT_HI_ACTINST`;
CREATE TABLE `ACT_HI_ACTINST` (
  `ID_` varchar(64) COLLATE utf8_bin NOT NULL,
  `PROC_DEF_ID_` varchar(64) COLLATE utf8_bin NOT NULL,
  `PROC_INST_ID_` varchar(64) COLLATE utf8_bin NOT NULL,
  `EXECUTION_ID_` varchar(64) COLLATE utf8_bin NOT NULL,
  `ACT_ID_` varchar(255) COLLATE utf8_bin NOT NULL,
  `TASK_ID_` varchar(64) COLLATE utf8_bin DEFAULT NULL,
  `CALL_PROC_INST_ID_` varchar(64) COLLATE utf8_bin DEFAULT NULL,
  `ACT_NAME_` varchar(255) COLLATE utf8_bin DEFAULT NULL,
  `ACT_TYPE_` varchar(255) COLLATE utf8_bin NOT NULL,
  `ASSIGNEE_` varchar(255) COLLATE utf8_bin DEFAULT NULL,
  `START_TIME_` datetime NOT NULL,
  `END_TIME_` datetime DEFAULT NULL,
  `DURATION_` bigint(20) DEFAULT NULL,
  `TENANT_ID_` varchar(255) COLLATE utf8_bin DEFAULT '',
  PRIMARY KEY (`ID_`),
  KEY `ACT_IDX_HI_ACT_INST_START` (`START_TIME_`),
  KEY `ACT_IDX_HI_ACT_INST_END` (`END_TIME_`),
  KEY `ACT_IDX_HI_ACT_INST_PROCINST` (`PROC_INST_ID_`,`ACT_ID_`),
  KEY `ACT_IDX_HI_ACT_INST_EXEC` (`EXECUTION_ID_`,`ACT_ID_`)
) ENGINE=InnoDB DEFAULT CHARSET=utf8 COLLATE=utf8_bin;

-- ----------------------------
-- Records of ACT_HI_ACTINST
-- ----------------------------

-- ----------------------------
-- Table structure for ACT_HI_ATTACHMENT
-- ----------------------------
DROP TABLE IF EXISTS `ACT_HI_ATTACHMENT`;
CREATE TABLE `ACT_HI_ATTACHMENT` (
  `ID_` varchar(64) COLLATE utf8_bin NOT NULL,
  `REV_` int(11) DEFAULT NULL,
  `USER_ID_` varchar(255) COLLATE utf8_bin DEFAULT NULL,
  `NAME_` varchar(255) COLLATE utf8_bin DEFAULT NULL,
  `DESCRIPTION_` varchar(4000) COLLATE utf8_bin DEFAULT NULL,
  `TYPE_` varchar(255) COLLATE utf8_bin DEFAULT NULL,
  `TASK_ID_` varchar(64) COLLATE utf8_bin DEFAULT NULL,
  `PROC_INST_ID_` varchar(64) COLLATE utf8_bin DEFAULT NULL,
  `URL_` varchar(4000) COLLATE utf8_bin DEFAULT NULL,
  `CONTENT_ID_` varchar(64) COLLATE utf8_bin DEFAULT NULL,
  `TIME_` datetime DEFAULT NULL,
  PRIMARY KEY (`ID_`)
) ENGINE=InnoDB DEFAULT CHARSET=utf8 COLLATE=utf8_bin;

-- ----------------------------
-- Records of ACT_HI_ATTACHMENT
-- ----------------------------

-- ----------------------------
-- Table structure for ACT_HI_COMMENT
-- ----------------------------
DROP TABLE IF EXISTS `ACT_HI_COMMENT`;
CREATE TABLE `ACT_HI_COMMENT` (
  `ID_` varchar(64) COLLATE utf8_bin NOT NULL,
  `TYPE_` varchar(255) COLLATE utf8_bin DEFAULT NULL,
  `TIME_` datetime NOT NULL,
  `USER_ID_` varchar(255) COLLATE utf8_bin DEFAULT NULL,
  `TASK_ID_` varchar(64) COLLATE utf8_bin DEFAULT NULL,
  `PROC_INST_ID_` varchar(64) COLLATE utf8_bin DEFAULT NULL,
  `ACTION_` varchar(255) COLLATE utf8_bin DEFAULT NULL,
  `MESSAGE_` varchar(4000) COLLATE utf8_bin DEFAULT NULL,
  `FULL_MSG_` longblob DEFAULT NULL,
  PRIMARY KEY (`ID_`)
) ENGINE=InnoDB DEFAULT CHARSET=utf8 COLLATE=utf8_bin;

-- ----------------------------
-- Records of ACT_HI_COMMENT
-- ----------------------------

-- ----------------------------
-- Table structure for ACT_HI_DETAIL
-- ----------------------------
DROP TABLE IF EXISTS `ACT_HI_DETAIL`;
CREATE TABLE `ACT_HI_DETAIL` (
  `ID_` varchar(64) COLLATE utf8_bin NOT NULL,
  `TYPE_` varchar(255) COLLATE utf8_bin NOT NULL,
  `PROC_INST_ID_` varchar(64) COLLATE utf8_bin DEFAULT NULL,
  `EXECUTION_ID_` varchar(64) COLLATE utf8_bin DEFAULT NULL,
  `TASK_ID_` varchar(64) COLLATE utf8_bin DEFAULT NULL,
  `ACT_INST_ID_` varchar(64) COLLATE utf8_bin DEFAULT NULL,
  `NAME_` varchar(255) COLLATE utf8_bin NOT NULL,
  `VAR_TYPE_` varchar(255) COLLATE utf8_bin DEFAULT NULL,
  `REV_` int(11) DEFAULT NULL,
  `TIME_` datetime NOT NULL,
  `BYTEARRAY_ID_` varchar(64) COLLATE utf8_bin DEFAULT NULL,
  `DOUBLE_` double DEFAULT NULL,
  `LONG_` bigint(20) DEFAULT NULL,
  `TEXT_` varchar(4000) COLLATE utf8_bin DEFAULT NULL,
  `TEXT2_` varchar(4000) COLLATE utf8_bin DEFAULT NULL,
  PRIMARY KEY (`ID_`),
  KEY `ACT_IDX_HI_DETAIL_PROC_INST` (`PROC_INST_ID_`),
  KEY `ACT_IDX_HI_DETAIL_ACT_INST` (`ACT_INST_ID_`),
  KEY `ACT_IDX_HI_DETAIL_TIME` (`TIME_`),
  KEY `ACT_IDX_HI_DETAIL_NAME` (`NAME_`),
  KEY `ACT_IDX_HI_DETAIL_TASK_ID` (`TASK_ID_`)
) ENGINE=InnoDB DEFAULT CHARSET=utf8 COLLATE=utf8_bin;

-- ----------------------------
-- Records of ACT_HI_DETAIL
-- ----------------------------

-- ----------------------------
-- Table structure for ACT_HI_IDENTITYLINK
-- ----------------------------
DROP TABLE IF EXISTS `ACT_HI_IDENTITYLINK`;
CREATE TABLE `ACT_HI_IDENTITYLINK` (
  `ID_` varchar(64) COLLATE utf8_bin NOT NULL,
  `GROUP_ID_` varchar(255) COLLATE utf8_bin DEFAULT NULL,
  `TYPE_` varchar(255) COLLATE utf8_bin DEFAULT NULL,
  `USER_ID_` varchar(255) COLLATE utf8_bin DEFAULT NULL,
  `TASK_ID_` varchar(64) COLLATE utf8_bin DEFAULT NULL,
  `PROC_INST_ID_` varchar(64) COLLATE utf8_bin DEFAULT NULL,
  PRIMARY KEY (`ID_`),
  KEY `ACT_IDX_HI_IDENT_LNK_USER` (`USER_ID_`),
  KEY `ACT_IDX_HI_IDENT_LNK_TASK` (`TASK_ID_`),
  KEY `ACT_IDX_HI_IDENT_LNK_PROCINST` (`PROC_INST_ID_`)
) ENGINE=InnoDB DEFAULT CHARSET=utf8 COLLATE=utf8_bin;

-- ----------------------------
-- Records of ACT_HI_IDENTITYLINK
-- ----------------------------

-- ----------------------------
-- Table structure for ACT_HI_PROCINST
-- ----------------------------
DROP TABLE IF EXISTS `ACT_HI_PROCINST`;
CREATE TABLE `ACT_HI_PROCINST` (
  `ID_` varchar(64) COLLATE utf8_bin NOT NULL,
  `PROC_INST_ID_` varchar(64) COLLATE utf8_bin NOT NULL,
  `BUSINESS_KEY_` varchar(255) COLLATE utf8_bin DEFAULT NULL,
  `PROC_DEF_ID_` varchar(64) COLLATE utf8_bin NOT NULL,
  `START_TIME_` datetime NOT NULL,
  `END_TIME_` datetime DEFAULT NULL,
  `DURATION_` bigint(20) DEFAULT NULL,
  `START_USER_ID_` varchar(255) COLLATE utf8_bin DEFAULT NULL,
  `START_ACT_ID_` varchar(255) COLLATE utf8_bin DEFAULT NULL,
  `END_ACT_ID_` varchar(255) COLLATE utf8_bin DEFAULT NULL,
  `SUPER_PROCESS_INSTANCE_ID_` varchar(64) COLLATE utf8_bin DEFAULT NULL,
  `DELETE_REASON_` varchar(4000) COLLATE utf8_bin DEFAULT NULL,
  `TENANT_ID_` varchar(255) COLLATE utf8_bin DEFAULT '',
  `NAME_` varchar(255) COLLATE utf8_bin DEFAULT NULL,
  PRIMARY KEY (`ID_`),
  UNIQUE KEY `PROC_INST_ID_` (`PROC_INST_ID_`),
  KEY `ACT_IDX_HI_PRO_INST_END` (`END_TIME_`),
  KEY `ACT_IDX_HI_PRO_I_BUSKEY` (`BUSINESS_KEY_`)
) ENGINE=InnoDB DEFAULT CHARSET=utf8 COLLATE=utf8_bin;

-- ----------------------------
-- Records of ACT_HI_PROCINST
-- ----------------------------

-- ----------------------------
-- Table structure for ACT_HI_TASKINST
-- ----------------------------
DROP TABLE IF EXISTS `ACT_HI_TASKINST`;
CREATE TABLE `ACT_HI_TASKINST` (
  `ID_` varchar(64) COLLATE utf8_bin NOT NULL,
  `PROC_DEF_ID_` varchar(64) COLLATE utf8_bin DEFAULT NULL,
  `TASK_DEF_KEY_` varchar(255) COLLATE utf8_bin DEFAULT NULL,
  `PROC_INST_ID_` varchar(64) COLLATE utf8_bin DEFAULT NULL,
  `EXECUTION_ID_` varchar(64) COLLATE utf8_bin DEFAULT NULL,
  `NAME_` varchar(255) COLLATE utf8_bin DEFAULT NULL,
  `PARENT_TASK_ID_` varchar(64) COLLATE utf8_bin DEFAULT NULL,
  `DESCRIPTION_` varchar(4000) COLLATE utf8_bin DEFAULT NULL,
  `OWNER_` varchar(255) COLLATE utf8_bin DEFAULT NULL,
  `ASSIGNEE_` varchar(255) COLLATE utf8_bin DEFAULT NULL,
  `START_TIME_` datetime NOT NULL,
  `CLAIM_TIME_` datetime DEFAULT NULL,
  `END_TIME_` datetime DEFAULT NULL,
  `DURATION_` bigint(20) DEFAULT NULL,
  `DELETE_REASON_` varchar(4000) COLLATE utf8_bin DEFAULT NULL,
  `PRIORITY_` int(11) DEFAULT NULL,
  `DUE_DATE_` datetime DEFAULT NULL,
  `FORM_KEY_` varchar(255) COLLATE utf8_bin DEFAULT NULL,
  `CATEGORY_` varchar(255) COLLATE utf8_bin DEFAULT NULL,
  `TENANT_ID_` varchar(255) COLLATE utf8_bin DEFAULT '',
  PRIMARY KEY (`ID_`),
  KEY `ACT_IDX_HI_TASK_INST_PROCINST` (`PROC_INST_ID_`)
) ENGINE=InnoDB DEFAULT CHARSET=utf8 COLLATE=utf8_bin;

-- ----------------------------
-- Records of ACT_HI_TASKINST
-- ----------------------------

-- ----------------------------
-- Table structure for ACT_HI_VARINST
-- ----------------------------
DROP TABLE IF EXISTS `ACT_HI_VARINST`;
CREATE TABLE `ACT_HI_VARINST` (
  `ID_` varchar(64) COLLATE utf8_bin NOT NULL,
  `PROC_INST_ID_` varchar(64) COLLATE utf8_bin DEFAULT NULL,
  `EXECUTION_ID_` varchar(64) COLLATE utf8_bin DEFAULT NULL,
  `TASK_ID_` varchar(64) COLLATE utf8_bin DEFAULT NULL,
  `NAME_` varchar(255) COLLATE utf8_bin NOT NULL,
  `VAR_TYPE_` varchar(100) COLLATE utf8_bin DEFAULT NULL,
  `REV_` int(11) DEFAULT NULL,
  `BYTEARRAY_ID_` varchar(64) COLLATE utf8_bin DEFAULT NULL,
  `DOUBLE_` double DEFAULT NULL,
  `LONG_` bigint(20) DEFAULT NULL,
  `TEXT_` varchar(4000) COLLATE utf8_bin DEFAULT NULL,
  `TEXT2_` varchar(4000) COLLATE utf8_bin DEFAULT NULL,
  `CREATE_TIME_` datetime DEFAULT NULL,
  `LAST_UPDATED_TIME_` datetime DEFAULT NULL,
  PRIMARY KEY (`ID_`),
  KEY `ACT_IDX_HI_PROCVAR_PROC_INST` (`PROC_INST_ID_`),
  KEY `ACT_IDX_HI_PROCVAR_NAME_TYPE` (`NAME_`,`VAR_TYPE_`),
  KEY `ACT_IDX_HI_PROCVAR_TASK_ID` (`TASK_ID_`)
) ENGINE=InnoDB DEFAULT CHARSET=utf8 COLLATE=utf8_bin;

-- ----------------------------
-- Records of ACT_HI_VARINST
-- ----------------------------

-- ----------------------------
-- Table structure for ACT_ID_GROUP
-- ----------------------------
DROP TABLE IF EXISTS `ACT_ID_GROUP`;
CREATE TABLE `ACT_ID_GROUP` (
  `ID_` varchar(64) COLLATE utf8_bin NOT NULL,
  `REV_` int(11) DEFAULT NULL,
  `NAME_` varchar(255) COLLATE utf8_bin DEFAULT NULL,
  `TYPE_` varchar(255) COLLATE utf8_bin DEFAULT NULL,
  PRIMARY KEY (`ID_`)
) ENGINE=InnoDB DEFAULT CHARSET=utf8 COLLATE=utf8_bin;

-- ----------------------------
-- Records of ACT_ID_GROUP
-- ----------------------------

-- ----------------------------
-- Table structure for ACT_ID_INFO
-- ----------------------------
DROP TABLE IF EXISTS `ACT_ID_INFO`;
CREATE TABLE `ACT_ID_INFO` (
  `ID_` varchar(64) COLLATE utf8_bin NOT NULL,
  `REV_` int(11) DEFAULT NULL,
  `USER_ID_` varchar(64) COLLATE utf8_bin DEFAULT NULL,
  `TYPE_` varchar(64) COLLATE utf8_bin DEFAULT NULL,
  `KEY_` varchar(255) COLLATE utf8_bin DEFAULT NULL,
  `VALUE_` varchar(255) COLLATE utf8_bin DEFAULT NULL,
  `PASSWORD_` longblob DEFAULT NULL,
  `PARENT_ID_` varchar(255) COLLATE utf8_bin DEFAULT NULL,
  PRIMARY KEY (`ID_`)
) ENGINE=InnoDB DEFAULT CHARSET=utf8 COLLATE=utf8_bin;

-- ----------------------------
-- Records of ACT_ID_INFO
-- ----------------------------

-- ----------------------------
-- Table structure for ACT_ID_MEMBERSHIP
-- ----------------------------
DROP TABLE IF EXISTS `ACT_ID_MEMBERSHIP`;
CREATE TABLE `ACT_ID_MEMBERSHIP` (
  `USER_ID_` varchar(64) COLLATE utf8_bin NOT NULL,
  `GROUP_ID_` varchar(64) COLLATE utf8_bin NOT NULL,
  PRIMARY KEY (`USER_ID_`,`GROUP_ID_`),
  KEY `ACT_FK_MEMB_GROUP` (`GROUP_ID_`),
  CONSTRAINT `ACT_FK_MEMB_GROUP` FOREIGN KEY (`GROUP_ID_`) REFERENCES `ACT_ID_GROUP` (`ID_`),
  CONSTRAINT `ACT_FK_MEMB_USER` FOREIGN KEY (`USER_ID_`) REFERENCES `ACT_ID_USER` (`ID_`)
) ENGINE=InnoDB DEFAULT CHARSET=utf8 COLLATE=utf8_bin;

-- ----------------------------
-- Records of ACT_ID_MEMBERSHIP
-- ----------------------------

-- ----------------------------
-- Table structure for ACT_ID_USER
-- ----------------------------
DROP TABLE IF EXISTS `ACT_ID_USER`;
CREATE TABLE `ACT_ID_USER` (
  `ID_` varchar(64) COLLATE utf8_bin NOT NULL,
  `REV_` int(11) DEFAULT NULL,
  `FIRST_` varchar(255) COLLATE utf8_bin DEFAULT NULL,
  `LAST_` varchar(255) COLLATE utf8_bin DEFAULT NULL,
  `EMAIL_` varchar(255) COLLATE utf8_bin DEFAULT NULL,
  `PWD_` varchar(255) COLLATE utf8_bin DEFAULT NULL,
  `PICTURE_ID_` varchar(64) COLLATE utf8_bin DEFAULT NULL,
  PRIMARY KEY (`ID_`)
) ENGINE=InnoDB DEFAULT CHARSET=utf8 COLLATE=utf8_bin;

-- ----------------------------
-- Records of ACT_ID_USER
-- ----------------------------

-- ----------------------------
-- Table structure for ACT_PROCDEF_INFO
-- ----------------------------
DROP TABLE IF EXISTS `ACT_PROCDEF_INFO`;
CREATE TABLE `ACT_PROCDEF_INFO` (
  `ID_` varchar(64) COLLATE utf8_bin NOT NULL,
  `PROC_DEF_ID_` varchar(64) COLLATE utf8_bin NOT NULL,
  `REV_` int(11) DEFAULT NULL,
  `INFO_JSON_ID_` varchar(64) COLLATE utf8_bin DEFAULT NULL,
  PRIMARY KEY (`ID_`),
  UNIQUE KEY `ACT_UNIQ_INFO_PROCDEF` (`PROC_DEF_ID_`),
  KEY `ACT_IDX_INFO_PROCDEF` (`PROC_DEF_ID_`),
  KEY `ACT_FK_INFO_JSON_BA` (`INFO_JSON_ID_`),
  CONSTRAINT `ACT_FK_INFO_JSON_BA` FOREIGN KEY (`INFO_JSON_ID_`) REFERENCES `ACT_GE_BYTEARRAY` (`ID_`),
  CONSTRAINT `ACT_FK_INFO_PROCDEF` FOREIGN KEY (`PROC_DEF_ID_`) REFERENCES `ACT_RE_PROCDEF` (`ID_`)
) ENGINE=InnoDB DEFAULT CHARSET=utf8 COLLATE=utf8_bin;

-- ----------------------------
-- Records of ACT_PROCDEF_INFO
-- ----------------------------

-- ----------------------------
-- Table structure for ACT_RE_DEPLOYMENT
-- ----------------------------
DROP TABLE IF EXISTS `ACT_RE_DEPLOYMENT`;
CREATE TABLE `ACT_RE_DEPLOYMENT` (
  `ID_` varchar(64) COLLATE utf8_bin NOT NULL,
  `NAME_` varchar(255) COLLATE utf8_bin DEFAULT NULL,
  `CATEGORY_` varchar(255) COLLATE utf8_bin DEFAULT NULL,
  `TENANT_ID_` varchar(255) COLLATE utf8_bin DEFAULT '',
  `DEPLOY_TIME_` timestamp NULL DEFAULT NULL,
  PRIMARY KEY (`ID_`)
) ENGINE=InnoDB DEFAULT CHARSET=utf8 COLLATE=utf8_bin;

-- ----------------------------
-- Records of ACT_RE_DEPLOYMENT
-- ----------------------------

-- ----------------------------
-- Table structure for ACT_RE_MODEL
-- ----------------------------
DROP TABLE IF EXISTS `ACT_RE_MODEL`;
CREATE TABLE `ACT_RE_MODEL` (
  `ID_` varchar(64) COLLATE utf8_bin NOT NULL,
  `REV_` int(11) DEFAULT NULL,
  `NAME_` varchar(255) COLLATE utf8_bin DEFAULT NULL,
  `KEY_` varchar(255) COLLATE utf8_bin DEFAULT NULL,
  `CATEGORY_` varchar(255) COLLATE utf8_bin DEFAULT NULL,
  `CREATE_TIME_` timestamp NULL DEFAULT NULL,
  `LAST_UPDATE_TIME_` timestamp NULL DEFAULT NULL,
  `VERSION_` int(11) DEFAULT NULL,
  `META_INFO_` varchar(4000) COLLATE utf8_bin DEFAULT NULL,
  `DEPLOYMENT_ID_` varchar(64) COLLATE utf8_bin DEFAULT NULL,
  `EDITOR_SOURCE_VALUE_ID_` varchar(64) COLLATE utf8_bin DEFAULT NULL,
  `EDITOR_SOURCE_EXTRA_VALUE_ID_` varchar(64) COLLATE utf8_bin DEFAULT NULL,
  `TENANT_ID_` varchar(255) COLLATE utf8_bin DEFAULT '',
  PRIMARY KEY (`ID_`),
  KEY `ACT_FK_MODEL_SOURCE` (`EDITOR_SOURCE_VALUE_ID_`),
  KEY `ACT_FK_MODEL_SOURCE_EXTRA` (`EDITOR_SOURCE_EXTRA_VALUE_ID_`),
  KEY `ACT_FK_MODEL_DEPLOYMENT` (`DEPLOYMENT_ID_`),
  CONSTRAINT `ACT_FK_MODEL_DEPLOYMENT` FOREIGN KEY (`DEPLOYMENT_ID_`) REFERENCES `ACT_RE_DEPLOYMENT` (`ID_`),
  CONSTRAINT `ACT_FK_MODEL_SOURCE` FOREIGN KEY (`EDITOR_SOURCE_VALUE_ID_`) REFERENCES `ACT_GE_BYTEARRAY` (`ID_`),
  CONSTRAINT `ACT_FK_MODEL_SOURCE_EXTRA` FOREIGN KEY (`EDITOR_SOURCE_EXTRA_VALUE_ID_`) REFERENCES `ACT_GE_BYTEARRAY` (`ID_`)
) ENGINE=InnoDB DEFAULT CHARSET=utf8 COLLATE=utf8_bin;

-- ----------------------------
-- Records of ACT_RE_MODEL
-- ----------------------------

-- ----------------------------
-- Table structure for ACT_RE_PROCDEF
-- ----------------------------
DROP TABLE IF EXISTS `ACT_RE_PROCDEF`;
CREATE TABLE `ACT_RE_PROCDEF` (
  `ID_` varchar(64) COLLATE utf8_bin NOT NULL,
  `REV_` int(11) DEFAULT NULL,
  `CATEGORY_` varchar(255) COLLATE utf8_bin DEFAULT NULL,
  `NAME_` varchar(255) COLLATE utf8_bin DEFAULT NULL,
  `KEY_` varchar(255) COLLATE utf8_bin NOT NULL,
  `VERSION_` int(11) NOT NULL,
  `DEPLOYMENT_ID_` varchar(64) COLLATE utf8_bin DEFAULT NULL,
  `RESOURCE_NAME_` varchar(4000) COLLATE utf8_bin DEFAULT NULL,
  `DGRM_RESOURCE_NAME_` varchar(4000) COLLATE utf8_bin DEFAULT NULL,
  `DESCRIPTION_` varchar(4000) COLLATE utf8_bin DEFAULT NULL,
  `HAS_START_FORM_KEY_` tinyint(4) DEFAULT NULL,
  `HAS_GRAPHICAL_NOTATION_` tinyint(4) DEFAULT NULL,
  `SUSPENSION_STATE_` int(11) DEFAULT NULL,
  `TENANT_ID_` varchar(255) COLLATE utf8_bin DEFAULT '',
  PRIMARY KEY (`ID_`),
  UNIQUE KEY `ACT_UNIQ_PROCDEF` (`KEY_`,`VERSION_`,`TENANT_ID_`)
) ENGINE=InnoDB DEFAULT CHARSET=utf8 COLLATE=utf8_bin;

-- ----------------------------
-- Records of ACT_RE_PROCDEF
-- ----------------------------

-- ----------------------------
-- Table structure for ACT_RU_EVENT_SUBSCR
-- ----------------------------
DROP TABLE IF EXISTS `ACT_RU_EVENT_SUBSCR`;
CREATE TABLE `ACT_RU_EVENT_SUBSCR` (
  `ID_` varchar(64) COLLATE utf8_bin NOT NULL,
  `REV_` int(11) DEFAULT NULL,
  `EVENT_TYPE_` varchar(255) COLLATE utf8_bin NOT NULL,
  `EVENT_NAME_` varchar(255) COLLATE utf8_bin DEFAULT NULL,
  `EXECUTION_ID_` varchar(64) COLLATE utf8_bin DEFAULT NULL,
  `PROC_INST_ID_` varchar(64) COLLATE utf8_bin DEFAULT NULL,
  `ACTIVITY_ID_` varchar(64) COLLATE utf8_bin DEFAULT NULL,
  `CONFIGURATION_` varchar(255) COLLATE utf8_bin DEFAULT NULL,
  `CREATED_` timestamp NOT NULL DEFAULT current_timestamp(),
  `PROC_DEF_ID_` varchar(64) COLLATE utf8_bin DEFAULT NULL,
  `TENANT_ID_` varchar(255) COLLATE utf8_bin DEFAULT '',
  PRIMARY KEY (`ID_`),
  KEY `ACT_IDX_EVENT_SUBSCR_CONFIG_` (`CONFIGURATION_`),
  KEY `ACT_FK_EVENT_EXEC` (`EXECUTION_ID_`),
  CONSTRAINT `ACT_FK_EVENT_EXEC` FOREIGN KEY (`EXECUTION_ID_`) REFERENCES `ACT_RU_EXECUTION` (`ID_`)
) ENGINE=InnoDB DEFAULT CHARSET=utf8 COLLATE=utf8_bin;

-- ----------------------------
-- Records of ACT_RU_EVENT_SUBSCR
-- ----------------------------

-- ----------------------------
-- Table structure for ACT_RU_EXECUTION
-- ----------------------------
DROP TABLE IF EXISTS `ACT_RU_EXECUTION`;
CREATE TABLE `ACT_RU_EXECUTION` (
  `ID_` varchar(64) COLLATE utf8_bin NOT NULL,
  `REV_` int(11) DEFAULT NULL,
  `PROC_INST_ID_` varchar(64) COLLATE utf8_bin DEFAULT NULL,
  `BUSINESS_KEY_` varchar(255) COLLATE utf8_bin DEFAULT NULL,
  `PARENT_ID_` varchar(64) COLLATE utf8_bin DEFAULT NULL,
  `PROC_DEF_ID_` varchar(64) COLLATE utf8_bin DEFAULT NULL,
  `SUPER_EXEC_` varchar(64) COLLATE utf8_bin DEFAULT NULL,
  `ACT_ID_` varchar(255) COLLATE utf8_bin DEFAULT NULL,
  `IS_ACTIVE_` tinyint(4) DEFAULT NULL,
  `IS_CONCURRENT_` tinyint(4) DEFAULT NULL,
  `IS_SCOPE_` tinyint(4) DEFAULT NULL,
  `IS_EVENT_SCOPE_` tinyint(4) DEFAULT NULL,
  `SUSPENSION_STATE_` int(11) DEFAULT NULL,
  `CACHED_ENT_STATE_` int(11) DEFAULT NULL,
  `TENANT_ID_` varchar(255) COLLATE utf8_bin DEFAULT '',
  `NAME_` varchar(255) COLLATE utf8_bin DEFAULT NULL,
  `LOCK_TIME_` timestamp NULL DEFAULT NULL,
  PRIMARY KEY (`ID_`),
  KEY `ACT_IDX_EXEC_BUSKEY` (`BUSINESS_KEY_`),
  KEY `ACT_FK_EXE_PROCINST` (`PROC_INST_ID_`),
  KEY `ACT_FK_EXE_PARENT` (`PARENT_ID_`),
  KEY `ACT_FK_EXE_SUPER` (`SUPER_EXEC_`),
  KEY `ACT_FK_EXE_PROCDEF` (`PROC_DEF_ID_`),
  CONSTRAINT `ACT_FK_EXE_PARENT` FOREIGN KEY (`PARENT_ID_`) REFERENCES `ACT_RU_EXECUTION` (`ID_`),
  CONSTRAINT `ACT_FK_EXE_PROCDEF` FOREIGN KEY (`PROC_DEF_ID_`) REFERENCES `ACT_RE_PROCDEF` (`ID_`),
  CONSTRAINT `ACT_FK_EXE_PROCINST` FOREIGN KEY (`PROC_INST_ID_`) REFERENCES `ACT_RU_EXECUTION` (`ID_`) ON DELETE CASCADE ON UPDATE CASCADE,
  CONSTRAINT `ACT_FK_EXE_SUPER` FOREIGN KEY (`SUPER_EXEC_`) REFERENCES `ACT_RU_EXECUTION` (`ID_`)
) ENGINE=InnoDB DEFAULT CHARSET=utf8 COLLATE=utf8_bin;

-- ----------------------------
-- Records of ACT_RU_EXECUTION
-- ----------------------------

-- ----------------------------
-- Table structure for ACT_RU_IDENTITYLINK
-- ----------------------------
DROP TABLE IF EXISTS `ACT_RU_IDENTITYLINK`;
CREATE TABLE `ACT_RU_IDENTITYLINK` (
  `ID_` varchar(64) COLLATE utf8_bin NOT NULL,
  `REV_` int(11) DEFAULT NULL,
  `GROUP_ID_` varchar(255) COLLATE utf8_bin DEFAULT NULL,
  `TYPE_` varchar(255) COLLATE utf8_bin DEFAULT NULL,
  `USER_ID_` varchar(255) COLLATE utf8_bin DEFAULT NULL,
  `TASK_ID_` varchar(64) COLLATE utf8_bin DEFAULT NULL,
  `PROC_INST_ID_` varchar(64) COLLATE utf8_bin DEFAULT NULL,
  `PROC_DEF_ID_` varchar(64) COLLATE utf8_bin DEFAULT NULL,
  PRIMARY KEY (`ID_`),
  KEY `ACT_IDX_IDENT_LNK_USER` (`USER_ID_`),
  KEY `ACT_IDX_IDENT_LNK_GROUP` (`GROUP_ID_`),
  KEY `ACT_IDX_ATHRZ_PROCEDEF` (`PROC_DEF_ID_`),
  KEY `ACT_FK_TSKASS_TASK` (`TASK_ID_`),
  KEY `ACT_FK_IDL_PROCINST` (`PROC_INST_ID_`),
  CONSTRAINT `ACT_FK_ATHRZ_PROCEDEF` FOREIGN KEY (`PROC_DEF_ID_`) REFERENCES `ACT_RE_PROCDEF` (`ID_`),
  CONSTRAINT `ACT_FK_IDL_PROCINST` FOREIGN KEY (`PROC_INST_ID_`) REFERENCES `ACT_RU_EXECUTION` (`ID_`),
  CONSTRAINT `ACT_FK_TSKASS_TASK` FOREIGN KEY (`TASK_ID_`) REFERENCES `ACT_RU_TASK` (`ID_`)
) ENGINE=InnoDB DEFAULT CHARSET=utf8 COLLATE=utf8_bin;

-- ----------------------------
-- Records of ACT_RU_IDENTITYLINK
-- ----------------------------

-- ----------------------------
-- Table structure for ACT_RU_JOB
-- ----------------------------
DROP TABLE IF EXISTS `ACT_RU_JOB`;
CREATE TABLE `ACT_RU_JOB` (
  `ID_` varchar(64) COLLATE utf8_bin NOT NULL,
  `REV_` int(11) DEFAULT NULL,
  `TYPE_` varchar(255) COLLATE utf8_bin NOT NULL,
  `LOCK_EXP_TIME_` timestamp NULL DEFAULT NULL,
  `LOCK_OWNER_` varchar(255) COLLATE utf8_bin DEFAULT NULL,
  `EXCLUSIVE_` tinyint(1) DEFAULT NULL,
  `EXECUTION_ID_` varchar(64) COLLATE utf8_bin DEFAULT NULL,
  `PROCESS_INSTANCE_ID_` varchar(64) COLLATE utf8_bin DEFAULT NULL,
  `PROC_DEF_ID_` varchar(64) COLLATE utf8_bin DEFAULT NULL,
  `RETRIES_` int(11) DEFAULT NULL,
  `EXCEPTION_STACK_ID_` varchar(64) COLLATE utf8_bin DEFAULT NULL,
  `EXCEPTION_MSG_` varchar(4000) COLLATE utf8_bin DEFAULT NULL,
  `DUEDATE_` timestamp NULL DEFAULT NULL,
  `REPEAT_` varchar(255) COLLATE utf8_bin DEFAULT NULL,
  `HANDLER_TYPE_` varchar(255) COLLATE utf8_bin DEFAULT NULL,
  `HANDLER_CFG_` varchar(4000) COLLATE utf8_bin DEFAULT NULL,
  `TENANT_ID_` varchar(255) COLLATE utf8_bin DEFAULT '',
  PRIMARY KEY (`ID_`),
  KEY `ACT_FK_JOB_EXCEPTION` (`EXCEPTION_STACK_ID_`),
  CONSTRAINT `ACT_FK_JOB_EXCEPTION` FOREIGN KEY (`EXCEPTION_STACK_ID_`) REFERENCES `ACT_GE_BYTEARRAY` (`ID_`)
) ENGINE=InnoDB DEFAULT CHARSET=utf8 COLLATE=utf8_bin;

-- ----------------------------
-- Records of ACT_RU_JOB
-- ----------------------------

-- ----------------------------
-- Table structure for ACT_RU_TASK
-- ----------------------------
DROP TABLE IF EXISTS `ACT_RU_TASK`;
CREATE TABLE `ACT_RU_TASK` (
  `ID_` varchar(64) COLLATE utf8_bin NOT NULL,
  `REV_` int(11) DEFAULT NULL,
  `EXECUTION_ID_` varchar(64) COLLATE utf8_bin DEFAULT NULL,
  `PROC_INST_ID_` varchar(64) COLLATE utf8_bin DEFAULT NULL,
  `PROC_DEF_ID_` varchar(64) COLLATE utf8_bin DEFAULT NULL,
  `NAME_` varchar(255) COLLATE utf8_bin DEFAULT NULL,
  `PARENT_TASK_ID_` varchar(64) COLLATE utf8_bin DEFAULT NULL,
  `DESCRIPTION_` varchar(4000) COLLATE utf8_bin DEFAULT NULL,
  `TASK_DEF_KEY_` varchar(255) COLLATE utf8_bin DEFAULT NULL,
  `OWNER_` varchar(255) COLLATE utf8_bin DEFAULT NULL,
  `ASSIGNEE_` varchar(255) COLLATE utf8_bin DEFAULT NULL,
  `DELEGATION_` varchar(64) COLLATE utf8_bin DEFAULT NULL,
  `PRIORITY_` int(11) DEFAULT NULL,
  `CREATE_TIME_` timestamp NULL DEFAULT NULL,
  `DUE_DATE_` datetime DEFAULT NULL,
  `CATEGORY_` varchar(255) COLLATE utf8_bin DEFAULT NULL,
  `SUSPENSION_STATE_` int(11) DEFAULT NULL,
  `TENANT_ID_` varchar(255) COLLATE utf8_bin DEFAULT '',
  `FORM_KEY_` varchar(255) COLLATE utf8_bin DEFAULT NULL,
  PRIMARY KEY (`ID_`),
  KEY `ACT_IDX_TASK_CREATE` (`CREATE_TIME_`),
  KEY `ACT_FK_TASK_EXE` (`EXECUTION_ID_`),
  KEY `ACT_FK_TASK_PROCINST` (`PROC_INST_ID_`),
  KEY `ACT_FK_TASK_PROCDEF` (`PROC_DEF_ID_`),
  CONSTRAINT `ACT_FK_TASK_EXE` FOREIGN KEY (`EXECUTION_ID_`) REFERENCES `ACT_RU_EXECUTION` (`ID_`),
  CONSTRAINT `ACT_FK_TASK_PROCDEF` FOREIGN KEY (`PROC_DEF_ID_`) REFERENCES `ACT_RE_PROCDEF` (`ID_`),
  CONSTRAINT `ACT_FK_TASK_PROCINST` FOREIGN KEY (`PROC_INST_ID_`) REFERENCES `ACT_RU_EXECUTION` (`ID_`)
) ENGINE=InnoDB DEFAULT CHARSET=utf8 COLLATE=utf8_bin;

-- ----------------------------
-- Records of ACT_RU_TASK
-- ----------------------------

-- ----------------------------
-- Table structure for ACT_RU_VARIABLE
-- ----------------------------
DROP TABLE IF EXISTS `ACT_RU_VARIABLE`;
CREATE TABLE `ACT_RU_VARIABLE` (
  `ID_` varchar(64) COLLATE utf8_bin NOT NULL,
  `REV_` int(11) DEFAULT NULL,
  `TYPE_` varchar(255) COLLATE utf8_bin NOT NULL,
  `NAME_` varchar(255) COLLATE utf8_bin NOT NULL,
  `EXECUTION_ID_` varchar(64) COLLATE utf8_bin DEFAULT NULL,
  `PROC_INST_ID_` varchar(64) COLLATE utf8_bin DEFAULT NULL,
  `TASK_ID_` varchar(64) COLLATE utf8_bin DEFAULT NULL,
  `BYTEARRAY_ID_` varchar(64) COLLATE utf8_bin DEFAULT NULL,
  `DOUBLE_` double DEFAULT NULL,
  `LONG_` bigint(20) DEFAULT NULL,
  `TEXT_` varchar(4000) COLLATE utf8_bin DEFAULT NULL,
  `TEXT2_` varchar(4000) COLLATE utf8_bin DEFAULT NULL,
  PRIMARY KEY (`ID_`),
  KEY `ACT_IDX_VARIABLE_TASK_ID` (`TASK_ID_`),
  KEY `ACT_FK_VAR_EXE` (`EXECUTION_ID_`),
  KEY `ACT_FK_VAR_PROCINST` (`PROC_INST_ID_`),
  KEY `ACT_FK_VAR_BYTEARRAY` (`BYTEARRAY_ID_`),
  CONSTRAINT `ACT_FK_VAR_BYTEARRAY` FOREIGN KEY (`BYTEARRAY_ID_`) REFERENCES `ACT_GE_BYTEARRAY` (`ID_`),
  CONSTRAINT `ACT_FK_VAR_EXE` FOREIGN KEY (`EXECUTION_ID_`) REFERENCES `ACT_RU_EXECUTION` (`ID_`),
  CONSTRAINT `ACT_FK_VAR_PROCINST` FOREIGN KEY (`PROC_INST_ID_`) REFERENCES `ACT_RU_EXECUTION` (`ID_`)
) ENGINE=InnoDB DEFAULT CHARSET=utf8 COLLATE=utf8_bin;

-- ----------------------------
-- Records of ACT_RU_VARIABLE
-- ----------------------------

-- ----------------------------
-- Table structure for leaveapply
-- ----------------------------
DROP TABLE IF EXISTS `leaveapply`;
CREATE TABLE `leaveapply` (
  `id` int(11) NOT NULL AUTO_INCREMENT,
  `process_instance_id` varchar(45) DEFAULT NULL,
  `user_id` varchar(20) DEFAULT NULL,
  `start_time` varchar(45) DEFAULT NULL,
  `end_time` varchar(45) DEFAULT NULL,
  `leave_type` varchar(45) DEFAULT NULL,
  `reason` varchar(400) DEFAULT NULL,
  `apply_time` varchar(100) DEFAULT NULL,
  `reality_start_time` varchar(45) DEFAULT NULL,
  `reality_end_time` varchar(45) DEFAULT NULL,
  PRIMARY KEY (`id`)
) ENGINE=InnoDB AUTO_INCREMENT=14 DEFAULT CHARSET=utf8;

-- ----------------------------
-- Records of leaveapply
-- ----------------------------
INSERT INTO `leaveapply` VALUES ('8', '8', 'xiaomi', '2017-08-13', '2017-08-16', '事假', '想休息一下。', 'Fri Aug 11 04:07:47 EDT 2017', null, null);
INSERT INTO `leaveapply` VALUES ('9', '7501', 'xiaomi', '2017-08-14', '2017-08-17', '病假', '想请假1', 'Mon Aug 14 02:19:21 EDT 2017', null, null);
INSERT INTO `leaveapply` VALUES ('10', '10001', 'xiaomi', '2017-08-16', '2017-08-18', '年假', '年假来了2', 'Mon Aug 14 02:50:43 EDT 2017', null, null);
INSERT INTO `leaveapply` VALUES ('11', '12501', 'xiaomi', '2017-08-02', '2017-08-16', '事假', 'this is a test.', 'Mon Aug 14 04:04:11 EDT 2017', null, null);
INSERT INTO `leaveapply` VALUES ('12', '12515', 'xiaomi', '2017-08-16', '2017-08-25', '年假', 'ok it is a test yearly', 'Mon Aug 14 04:23:45 EDT 2017', null, null);
INSERT INTO `leaveapply` VALUES ('13', '12531', 'xiaomi', '2017-08-15', '2017-08-31', '产假', 'baby', 'Mon Aug 14 04:26:14 EDT 2017', null, null);

-- ----------------------------
-- Table structure for permission
-- ----------------------------
DROP TABLE IF EXISTS `permission`;
CREATE TABLE `permission` (
  `pid` int(11) NOT NULL AUTO_INCREMENT,
  `permissionname` varchar(45) NOT NULL,
  PRIMARY KEY (`pid`),
  UNIQUE KEY `permissionname_UNIQUE` (`permissionname`)
) ENGINE=InnoDB AUTO_INCREMENT=16 DEFAULT CHARSET=utf8;

-- ----------------------------
-- Records of permission
-- ----------------------------
INSERT INTO `permission` VALUES ('2', '人事审批');
INSERT INTO `permission` VALUES ('9', '出纳付款');
INSERT INTO `permission` VALUES ('8', '总经理审批');
INSERT INTO `permission` VALUES ('3', '财务审批');
INSERT INTO `permission` VALUES ('1', '部门领导审批');
INSERT INTO `permission` VALUES ('15', '采购审批');

-- ----------------------------
-- Table structure for purchase
-- ----------------------------
DROP TABLE IF EXISTS `purchase`;
CREATE TABLE `purchase` (
  `id` int(11) NOT NULL AUTO_INCREMENT,
  `itemlist` text NOT NULL,
  `total` float NOT NULL,
  `applytime` varchar(45) DEFAULT NULL,
  `applyer` varchar(45) DEFAULT NULL,
  PRIMARY KEY (`id`)
) ENGINE=InnoDB AUTO_INCREMENT=24 DEFAULT CHARSET=utf8;

-- ----------------------------
-- Records of purchase
-- ----------------------------
INSERT INTO `purchase` VALUES ('22', '买100台电脑来玩游戏吧。', '500000', '2017-08-14 04:24:15', 'xiaomi');
INSERT INTO `purchase` VALUES ('23', '				部门采购水杯100个，椅子100个		', '2500', '2017-08-14 04:38:14', 'WANG');

-- ----------------------------
-- Table structure for role
-- ----------------------------
DROP TABLE IF EXISTS `role`;
CREATE TABLE `role` (
  `rid` int(11) NOT NULL AUTO_INCREMENT,
  `rolename` varchar(45) NOT NULL,
  PRIMARY KEY (`rid`),
  UNIQUE KEY `rolename_UNIQUE` (`rolename`)
) ENGINE=InnoDB AUTO_INCREMENT=17 DEFAULT CHARSET=utf8;

-- ----------------------------
-- Records of role
-- ----------------------------
INSERT INTO `role` VALUES ('9', '人事');
INSERT INTO `role` VALUES ('10', '出纳员');
INSERT INTO `role` VALUES ('11', '总经理');
INSERT INTO `role` VALUES ('16', '财务管理员');
INSERT INTO `role` VALUES ('1', '部门经理');
INSERT INTO `role` VALUES ('13', '采购经理');

-- ----------------------------
-- Table structure for role_permission
-- ----------------------------
DROP TABLE IF EXISTS `role_permission`;
CREATE TABLE `role_permission` (
  `rpid` int(11) NOT NULL AUTO_INCREMENT,
  `roleid` int(11) NOT NULL,
  `permissionid` int(11) NOT NULL,
  PRIMARY KEY (`rpid`),
  KEY `a_idx` (`roleid`),
  KEY `b_idx` (`permissionid`)
) ENGINE=InnoDB AUTO_INCREMENT=43 DEFAULT CHARSET=utf8;

-- ----------------------------
-- Records of role_permission
-- ----------------------------
INSERT INTO `role_permission` VALUES ('27', '9', '2');
INSERT INTO `role_permission` VALUES ('28', '10', '9');
INSERT INTO `role_permission` VALUES ('34', '11', '2');
INSERT INTO `role_permission` VALUES ('35', '11', '8');
INSERT INTO `role_permission` VALUES ('36', '11', '1');
INSERT INTO `role_permission` VALUES ('37', '13', '15');
INSERT INTO `role_permission` VALUES ('39', '16', '3');
INSERT INTO `role_permission` VALUES ('42', '1', '3');

-- ----------------------------
-- Table structure for user
-- ----------------------------
DROP TABLE IF EXISTS `user`;
CREATE TABLE `user` (
  `uid` int(11) NOT NULL AUTO_INCREMENT,
  `username` varchar(45) COLLATE utf8_bin NOT NULL,
  `password` varchar(45) COLLATE utf8_bin NOT NULL,
  `tel` varchar(45) COLLATE utf8_bin DEFAULT NULL,
  `age` int(11) DEFAULT NULL,
  PRIMARY KEY (`uid`),
  UNIQUE KEY `username_UNIQUE` (`username`)
) ENGINE=InnoDB AUTO_INCREMENT=36 DEFAULT CHARSET=utf8 COLLATE=utf8_bin;

-- ----------------------------
-- Records of user
-- ----------------------------
INSERT INTO `user` VALUES ('31', 'xiaomi', '1234', '110', '20');
INSERT INTO `user` VALUES ('33', 'jon', '1234', '123', '23');
INSERT INTO `user` VALUES ('34', 'xiaocai', '1234', '111', '32');
INSERT INTO `user` VALUES ('35', 'WANG', '1234', '222', '33');

-- ----------------------------
-- Table structure for user_role
-- ----------------------------
DROP TABLE IF EXISTS `user_role`;
CREATE TABLE `user_role` (
  `urid` int(11) NOT NULL AUTO_INCREMENT,
  `userid` int(11) NOT NULL,
  `roleid` int(11) NOT NULL,
  PRIMARY KEY (`urid`)
) ENGINE=InnoDB AUTO_INCREMENT=93 DEFAULT CHARSET=utf8;

-- ----------------------------
-- Records of user_role
-- ----------------------------
INSERT INTO `user_role` VALUES ('47', '33', '9');
INSERT INTO `user_role` VALUES ('48', '33', '1');
INSERT INTO `user_role` VALUES ('81', '31', '9');
INSERT INTO `user_role` VALUES ('82', '31', '10');
INSERT INTO `user_role` VALUES ('83', '31', '16');
INSERT INTO `user_role` VALUES ('84', '31', '1');
INSERT INTO `user_role` VALUES ('85', '31', '13');
INSERT INTO `user_role` VALUES ('86', '35', '11');
INSERT INTO `user_role` VALUES ('87', '35', '1');
INSERT INTO `user_role` VALUES ('92', '34', '1');
